Month,Product_ID,Opening_Stock_MT,Produced_MT,Sales_MT,Closing_Stock_MT
2016-01,P001,500.0,833.0,808.8,524.2
2016-01,P002,350.0,494.9,505.8,339.1
2016-01,P003,250.0,621.3,621.0,250.3
2016-01,P004,700.0,900.2,902.1,698.1
2016-01,P005,1000.0,1309.5,1544.1,765.4
2016-02,P001,524.2,796.9,821.6,499.4
2016-02,P002,339.1,516.9,562.5,293.5
2016-02,P003,250.3,577.5,625.1,202.6
2016-02,P004,698.1,838.6,882.2,654.5
2016-02,P005,765.4,1339.2,1558.9,545.7
2016-03,P001,499.4,775.0,840.2,434.3
2016-03,P002,293.5,515.6,509.8,299.3
2016-03,P003,202.6,615.4,617.2,200.8
2016-03,P004,654.5,963.4,953.8,664.1
2016-03,P005,545.7,1469.1,1560.9,454.0
2016-04,P001,434.3,895.7,856.2,473.7
2016-04,P002,299.3,522.3,596.0,225.6
2016-04,P003,200.8,611.9,694.0,118.7
2016-04,P004,664.1,1061.0,946.5,778.6
2016-04,P005,454.0,1415.0,1491.6,377.3
2016-05,P001,473.7,844.3,852.2,465.8
2016-05,P002,225.6,574.3,560.8,239.1
2016-05,P003,118.7,706.5,684.4,140.8
2016-05,P004,778.6,961.0,920.4,819.2
2016-05,P005,377.3,1467.9,1331.3,513.9
2016-06,P001,465.8,895.5,918.8,442.5
2016-06,P002,239.1,462.3,526.7,174.7
2016-06,P003,140.8,733.3,644.9,229.2
2016-06,P004,819.2,1106.5,1039.4,886.3
2016-06,P005,513.9,1438.2,1489.2,462.9
2016-07,P001,442.5,898.7,876.5,464.6
2016-07,P002,174.7,622.8,576.3,221.2
2016-07,P003,229.2,674.5,618.8,284.9
2016-07,P004,886.3,1005.9,963.7,928.5
2016-07,P005,462.9,1477.3,1636.8,303.4
2016-08,P001,464.6,819.9,800.2,484.3
2016-08,P002,221.2,464.3,484.4,201.1
2016-08,P003,284.9,735.8,696.8,323.9
2016-08,P004,928.5,1140.7,1037.6,1031.6
2016-08,P005,303.4,1433.9,1396.5,340.9
2016-09,P001,484.3,774.1,762.6,495.9
2016-09,P002,201.1,577.8,585.1,193.8
2016-09,P003,323.9,568.6,551.5,340.9
2016-09,P004,1031.6,861.8,979.5,913.9
2016-09,P005,340.9,1315.5,1238.3,418.0
2016-10,P001,495.9,766.8,850.0,412.7
2016-10,P002,193.8,525.9,549.3,170.4
2016-10,P003,340.9,590.3,584.7,346.5
2016-10,P004,913.9,1041.2,978.0,977.1
2016-10,P005,418.0,1312.6,1316.3,414.3
2016-11,P001,412.7,834.7,910.3,337.1
2016-11,P002,170.4,492.8,477.6,185.6
2016-11,P003,346.5,670.0,620.8,395.7
2016-11,P004,977.1,827.6,826.0,978.7
2016-11,P005,414.3,1533.9,1487.2,461.0
2016-12,P001,337.1,851.8,889.6,299.2
2016-12,P002,185.6,480.1,460.5,205.2
2016-12,P003,395.7,593.0,551.8,436.9
2016-12,P004,978.7,860.2,896.7,942.3
2016-12,P005,461.0,1314.9,1345.1,430.8
2017-01,P001,299.2,815.4,835.7,279.0
2017-01,P002,205.2,521.3,536.7,189.9
2017-01,P003,436.9,626.6,559.6,504.0
2017-01,P004,942.3,929.1,970.0,901.4
2017-01,P005,430.8,1327.3,1462.4,295.8
2017-02,P001,279.0,870.6,857.4,292.2
2017-02,P002,189.9,580.0,632.7,137.3
2017-02,P003,504.0,645.6,629.2,520.4
2017-02,P004,901.4,942.4,958.3,885.4
2017-02,P005,295.8,1512.1,1557.5,250.4
2017-03,P001,292.2,846.9,839.9,299.2
2017-03,P002,137.3,549.6,570.9,116.0
2017-03,P003,520.4,703.6,617.8,606.2
2017-03,P004,885.4,827.7,1003.3,709.9
2017-03,P005,250.4,1334.2,1420.6,164.0
2017-04,P001,299.2,805.6,777.1,327.7
2017-04,P002,116.0,613.5,620.3,109.1
2017-04,P003,606.2,671.5,598.1,679.7
2017-04,P004,709.9,933.9,981.4,662.4
2017-04,P005,164.0,1371.3,1501.4,33.9
2017-05,P001,327.7,911.6,940.2,299.2
2017-05,P002,109.1,600.0,565.7,143.4
2017-05,P003,679.7,733.3,684.1,728.9
2017-05,P004,662.4,969.2,922.9,708.7
2017-05,P005,33.9,1450.6,1416.1,68.4
2017-06,P001,299.2,962.2,1058.5,202.9
2017-06,P002,143.4,503.4,496.5,150.3
2017-06,P003,728.9,746.3,685.0,790.1
2017-06,P004,708.7,957.9,1047.2,619.4
2017-06,P005,68.4,1412.6,1481.0,0.0
2017-07,P001,202.9,934.3,879.0,258.2
2017-07,P002,150.3,637.3,554.0,233.6
2017-07,P003,790.1,734.1,717.6,806.6
2017-07,P004,619.4,1123.7,1138.1,605.0
2017-07,P005,0.0,1666.4,1597.7,68.8
2017-08,P001,258.2,839.8,790.7,307.3
2017-08,P002,233.6,612.3,557.6,288.2
2017-08,P003,806.6,655.6,674.9,787.2
2017-08,P004,605.0,889.8,908.7,586.1
2017-08,P005,68.8,1552.1,1409.4,211.5
2017-09,P001,307.3,821.1,893.5,234.9
2017-09,P002,288.2,579.3,565.9,301.6
2017-09,P003,787.2,624.5,569.7,842.0
2017-09,P004,586.1,875.9,1021.6,440.4
2017-09,P005,211.5,1555.5,1561.5,205.5
2017-10,P001,234.9,866.6,833.7,267.8
2017-10,P002,301.6,588.7,640.5,249.9
2017-10,P003,842.0,594.2,645.1,791.1
2017-10,P004,440.4,1073.6,1085.5,428.5
2017-10,P005,205.5,1576.6,1498.2,283.9
2017-11,P001,267.8,794.5,816.2,246.1
2017-11,P002,249.9,585.9,571.0,264.8
2017-11,P003,791.1,585.9,555.8,821.2
2017-11,P004,428.5,1104.0,938.3,594.1
2017-11,P005,283.9,1478.0,1473.6,288.3
2017-12,P001,246.1,873.5,896.5,223.1
2017-12,P002,264.8,573.2,531.5,306.5
2017-12,P003,821.2,600.6,614.9,806.8
2017-12,P004,594.1,959.2,1054.2,499.2
2017-12,P005,288.3,1583.5,1603.4,268.4
2018-01,P001,223.1,910.6,934.2,199.4
2018-01,P002,306.5,561.5,518.3,349.8
2018-01,P003,806.8,691.0,653.6,844.3
2018-01,P004,499.2,928.6,984.7,443.1
2018-01,P005,268.4,1645.2,1546.2,367.4
2018-02,P001,199.4,913.8,979.7,133.5
2018-02,P002,349.8,562.5,631.5,280.7
2018-02,P003,844.3,726.1,639.7,930.6
2018-02,P004,443.1,1075.0,1054.7,463.4
2018-02,P005,367.4,1691.4,1640.0,418.8
2018-03,P001,133.5,859.4,809.9,183.0
2018-03,P002,280.7,545.8,527.2,299.4
2018-03,P003,930.6,668.5,711.0,888.2
2018-03,P004,463.4,1145.8,1075.1,534.1
2018-03,P005,418.8,1556.2,1699.6,275.4
2018-04,P001,183.0,1024.0,932.4,274.6
2018-04,P002,299.4,582.0,586.6,294.8
2018-04,P003,888.2,655.9,707.5,836.6
2018-04,P004,534.1,1069.0,1099.6,503.5
2018-04,P005,275.4,1578.1,1617.4,236.2
2018-05,P001,274.6,939.8,887.6,326.7
2018-05,P002,294.8,664.8,596.6,363.0
2018-05,P003,836.6,699.7,725.4,810.8
2018-05,P004,503.5,941.8,923.4,521.8
2018-05,P005,236.2,1384.8,1605.8,15.2
2018-06,P001,326.7,952.8,1113.4,166.1
2018-06,P002,363.0,596.3,620.5,338.8
2018-06,P003,810.8,838.2,857.2,791.9
2018-06,P004,521.8,1191.4,1143.2,570.1
2018-06,P005,15.2,1648.7,1613.2,50.7
2018-07,P001,166.1,938.9,875.8,229.2
2018-07,P002,338.8,538.0,562.1,314.7
2018-07,P003,791.9,736.5,725.5,802.9
2018-07,P004,570.1,1111.0,1125.6,555.5
2018-07,P005,50.7,1628.7,1679.4,0.0
2018-08,P001,229.2,807.1,850.0,186.4
2018-08,P002,314.7,570.1,534.2,350.5
2018-08,P003,802.9,703.5,702.1,804.4
2018-08,P004,555.5,1139.4,1090.4,604.5
2018-08,P005,0.0,1469.7,1469.7,0.0
2018-09,P001,186.4,960.6,930.2,216.7
2018-09,P002,350.5,554.0,532.4,372.1
2018-09,P003,804.4,575.8,620.9,759.2
2018-09,P004,604.5,1140.1,1121.5,623.1
2018-09,P005,0.0,1620.1,1564.9,55.2
2018-10,P001,216.7,846.4,762.0,301.2
2018-10,P002,372.1,596.6,582.1,386.7
2018-10,P003,759.2,660.8,620.6,799.5
2018-10,P004,623.1,1050.7,994.4,679.5
2018-10,P005,55.2,1415.8,1280.6,190.4
2018-11,P001,301.2,877.8,961.0,217.9
2018-11,P002,386.7,624.2,560.2,450.7
2018-11,P003,799.5,657.9,696.2,761.2
2018-11,P004,679.5,920.5,987.0,613.0
2018-11,P005,190.4,1603.5,1640.9,153.0
2018-12,P001,217.9,922.1,917.1,223.0
2018-12,P002,450.7,539.5,541.0,449.1
2018-12,P003,761.2,677.4,698.9,739.8
2018-12,P004,613.0,1078.9,985.9,706.0
2018-12,P005,153.0,1628.1,1488.0,293.1
2019-01,P001,223.0,892.7,858.5,257.1
2019-01,P002,449.1,515.8,618.7,346.2
2019-01,P003,739.8,760.3,721.0,779.0
2019-01,P004,706.0,1038.1,1062.5,681.6
2019-01,P005,293.1,1421.8,1506.0,208.9
2019-02,P001,257.1,829.1,743.3,342.9
2019-02,P002,346.2,628.5,574.7,400.0
2019-02,P003,779.0,736.8,717.8,798.0
2019-02,P004,681.6,894.6,1037.7,538.5
2019-02,P005,208.9,1442.8,1436.8,214.8
2019-03,P001,342.9,941.3,987.8,296.4
2019-03,P002,400.0,576.0,610.5,365.4
2019-03,P003,798.0,714.4,724.1,788.3
2019-03,P004,538.5,1064.4,1034.2,568.7
2019-03,P005,214.8,1398.1,1468.4,144.5
2019-04,P001,296.4,898.8,806.1,389.1
2019-04,P002,365.4,619.5,634.4,350.6
2019-04,P003,788.3,653.6,706.7,735.1
2019-04,P004,568.7,1116.7,1198.6,486.8
2019-04,P005,144.5,1596.0,1533.2,207.4
2019-05,P001,389.1,958.0,1037.3,309.8
2019-05,P002,350.6,585.9,581.0,355.4
2019-05,P003,735.1,739.5,720.7,753.9
2019-05,P004,486.8,1151.8,1242.2,396.3
2019-05,P005,207.4,1776.3,1723.4,260.3
2019-06,P001,309.8,1056.4,984.6,381.6
2019-06,P002,355.4,613.4,583.7,385.1
2019-06,P003,753.9,789.7,931.2,612.3
2019-06,P004,396.3,1139.6,1077.6,458.4
2019-06,P005,260.3,1695.3,1839.0,116.5
2019-07,P001,381.6,923.2,848.2,456.6
2019-07,P002,385.1,604.3,556.2,433.2
2019-07,P003,612.3,859.8,827.1,645.0
2019-07,P004,458.4,1050.2,1148.0,360.5
2019-07,P005,116.5,1626.9,1693.8,49.6
2019-08,P001,456.6,1009.0,940.1,525.5
2019-08,P002,433.2,604.1,659.2,378.2
2019-08,P003,645.0,628.6,626.3,647.3
2019-08,P004,360.5,1029.4,1108.0,281.9
2019-08,P005,49.6,1842.8,1568.9,323.4
2019-09,P001,525.5,875.1,939.0,461.6
2019-09,P002,378.2,596.5,613.2,361.4
2019-09,P003,647.3,593.5,642.8,598.0
2019-09,P004,281.9,1099.0,1167.5,213.4
2019-09,P005,323.4,1807.5,1933.0,197.9
2019-10,P001,461.6,903.7,892.0,473.4
2019-10,P002,361.4,576.1,559.7,377.8
2019-10,P003,598.0,694.3,671.5,620.8
2019-10,P004,213.4,1015.9,1076.8,152.5
2019-10,P005,197.9,1429.8,1600.3,27.3
2019-11,P001,473.4,922.1,857.0,538.5
2019-11,P002,377.8,515.6,561.9,331.6
2019-11,P003,620.8,749.7,700.9,669.5
2019-11,P004,152.5,1025.2,1053.4,124.3
2019-11,P005,27.3,1656.2,1631.7,51.8
2019-12,P001,538.5,912.4,906.1,544.7
2019-12,P002,331.6,607.9,590.6,348.9
2019-12,P003,669.5,798.4,723.4,744.6
2019-12,P004,124.3,1167.0,1184.6,106.7
2019-12,P005,51.8,1620.1,1504.2,167.7
2020-01,P001,544.7,960.3,939.1,565.9
2020-01,P002,348.9,536.6,573.0,312.5
2020-01,P003,744.6,679.2,769.4,654.4
2020-01,P004,106.7,1044.3,1081.8,69.2
2020-01,P005,167.7,1593.4,1548.6,212.5
2020-02,P001,565.9,977.4,924.4,618.9
2020-02,P002,312.5,641.8,570.2,384.1
2020-02,P003,654.4,682.3,747.0,589.7
2020-02,P004,69.2,1017.6,1035.8,51.0
2020-02,P005,212.5,1679.3,1650.5,241.3
2020-03,P001,618.9,908.4,914.9,612.4
2020-03,P002,384.1,603.6,618.2,369.5
2020-03,P003,589.7,770.0,744.2,615.5
2020-03,P004,51.0,1103.1,1154.1,0.0
2020-03,P005,241.3,1662.2,1588.0,315.4
2020-04,P001,612.4,1020.7,958.4,674.7
2020-04,P002,369.5,553.0,652.3,270.3
2020-04,P003,615.5,759.5,777.8,597.2
2020-04,P004,0.0,1268.0,1258.7,9.3
2020-04,P005,315.4,1789.9,1685.9,419.4
2020-05,P001,674.7,1031.3,990.4,715.5
2020-05,P002,270.3,633.7,629.8,274.2
2020-05,P003,597.2,742.7,825.8,514.1
2020-05,P004,9.3,1075.0,1084.3,0.0
2020-05,P005,419.4,1668.8,1795.5,292.7
2020-06,P001,715.5,1118.2,1110.7,723.0
2020-06,P002,274.2,586.1,577.4,283.0
2020-06,P003,514.1,805.1,706.8,612.4
2020-06,P004,0.0,1177.7,1176.8,0.9
2020-06,P005,292.7,1672.4,1736.2,228.9
2020-07,P001,723.0,997.1,993.7,726.4
2020-07,P002,283.0,608.0,642.8,248.2
2020-07,P003,612.4,757.1,805.9,563.5
2020-07,P004,0.9,1171.1,1143.3,28.7
2020-07,P005,228.9,1669.3,1739.9,158.3
2020-08,P001,726.4,755.1,911.8,569.7
2020-08,P002,248.2,599.8,561.4,286.7
2020-08,P003,563.5,760.0,793.6,529.9
2020-08,P004,28.7,1027.4,1056.2,0.0
2020-08,P005,158.3,1803.3,1777.3,184.3
2020-09,P001,569.7,1012.4,968.4,613.8
2020-09,P002,286.7,629.5,574.1,342.0
2020-09,P003,529.9,725.5,702.4,553.0
2020-09,P004,0.0,1143.9,1017.1,126.8
2020-09,P005,184.3,1656.6,1693.7,147.2
2020-10,P001,613.8,896.7,974.4,536.0
2020-10,P002,342.0,570.7,596.1,316.6
2020-10,P003,553.0,712.9,690.3,575.6
2020-10,P004,126.8,1016.4,1048.2,95.0
2020-10,P005,147.2,1655.2,1631.8,170.7
2020-11,P001,536.0,855.1,919.4,471.7
2020-11,P002,316.6,550.6,621.8,245.4
2020-11,P003,575.6,708.1,650.9,632.7
2020-11,P004,95.0,1107.1,1080.8,121.3
2020-11,P005,170.7,1502.2,1581.6,91.3
2020-12,P001,471.7,929.4,1037.4,363.7
2020-12,P002,245.4,617.2,644.4,218.1
2020-12,P003,632.7,723.1,686.8,669.1
2020-12,P004,121.3,1113.6,1085.1,149.7
2020-12,P005,91.3,1860.7,1763.0,189.0
2021-01,P001,363.7,1096.8,993.8,466.6
2021-01,P002,218.1,600.7,574.2,244.6
2021-01,P003,669.1,695.8,704.6,660.2
2021-01,P004,149.7,1105.9,1119.8,135.8
2021-01,P005,189.0,1465.6,1654.7,0.0
2021-02,P001,466.6,1023.2,1058.0,431.8
2021-02,P002,244.6,671.4,648.1,267.9
2021-02,P003,660.2,779.3,753.4,686.1
2021-02,P004,135.8,926.7,1005.5,57.0
2021-02,P005,0.0,1603.0,1536.8,66.2
2021-03,P001,431.8,1015.6,1026.8,420.6
2021-03,P002,267.9,644.5,629.9,282.5
2021-03,P003,686.1,789.9,801.2,674.8
2021-03,P004,57.0,1075.8,1132.9,0.0
2021-03,P005,66.2,1691.2,1701.7,55.7
2021-04,P001,420.6,1001.4,977.2,444.8
2021-04,P002,282.5,678.0,655.4,305.1
2021-04,P003,674.8,729.5,768.2,636.2
2021-04,P004,0.0,1102.9,1102.9,0.0
2021-04,P005,55.7,1772.7,1756.4,72.0
2021-05,P001,444.8,1045.9,948.7,541.9
2021-05,P002,305.1,630.9,652.9,283.2
2021-05,P003,636.2,736.1,690.5,681.8
2021-05,P004,0.0,1209.2,1082.0,127.2
2021-05,P005,72.0,1790.3,1741.6,120.7
2021-06,P001,541.9,953.7,1079.5,416.1
2021-06,P002,283.2,614.3,687.2,210.3
2021-06,P003,681.8,889.6,815.3,756.2
2021-06,P004,127.2,1243.7,1143.6,227.4
2021-06,P005,120.7,1783.0,1780.4,123.3
2021-07,P001,416.1,963.2,1011.4,367.9
2021-07,P002,210.3,726.6,633.3,303.6
2021-07,P003,756.2,857.0,731.8,881.4
2021-07,P004,227.4,1202.2,1207.8,221.7
2021-07,P005,123.3,1711.1,1776.1,58.3
2021-08,P001,367.9,905.5,950.6,322.8
2021-08,P002,303.6,689.9,730.1,263.4
2021-08,P003,881.4,915.6,919.4,877.5
2021-08,P004,221.7,1193.5,1216.3,198.9
2021-08,P005,58.3,1629.2,1687.5,0.0
2021-09,P001,322.8,971.0,1002.6,291.1
2021-09,P002,263.4,607.2,629.2,241.5
2021-09,P003,877.5,745.9,758.0,865.5
2021-09,P004,198.9,1026.5,1096.1,129.3
2021-09,P005,0.0,1661.2,1661.2,0.0
2021-10,P001,291.1,1001.0,973.3,318.8
2021-10,P002,241.5,662.6,674.3,229.8
2021-10,P003,865.5,744.1,733.0,876.6
2021-10,P004,129.3,1044.4,1148.0,25.7
2021-10,P005,0.0,1797.6,1718.9,78.7
2021-11,P001,318.8,1003.8,951.2,371.3
2021-11,P002,229.8,630.1,605.0,254.9
2021-11,P003,876.6,706.4,727.2,855.8
2021-11,P004,25.7,1001.7,1027.2,0.2
2021-11,P005,78.7,1631.4,1710.1,0.0
2021-12,P001,371.3,1013.1,1037.5,346.9
2021-12,P002,254.9,585.7,581.6,259.0
2021-12,P003,855.8,749.6,804.5,801.0
2021-12,P004,0.2,1153.8,1154.1,0.0
2021-12,P005,0.0,1855.9,1825.9,30.0
2022-01,P001,346.9,900.7,1045.1,202.6
2022-01,P002,259.0,571.3,613.2,217.2
2022-01,P003,801.0,918.1,787.7,931.4
2022-01,P004,0.0,950.9,950.9,0.0
2022-01,P005,30.0,1880.2,1910.2,0.0
2022-02,P001,202.6,890.9,977.5,116.1
2022-02,P002,217.2,639.1,651.5,204.8
2022-02,P003,931.4,849.0,686.3,1094.1
2022-02,P004,0.0,1177.8,1177.8,0.0
2022-02,P005,0.0,1857.8,1766.5,91.4
2022-03,P001,116.1,1072.2,1033.3,154.9
2022-03,P002,204.8,693.1,671.1,226.8
2022-03,P003,1094.1,822.2,780.7,1135.6
2022-03,P004,0.0,1234.1,1208.2,25.9
2022-03,P005,91.4,1771.8,1668.1,195.0
2022-04,P001,154.9,965.1,1120.0,0.0
2022-04,P002,226.8,601.0,609.4,218.5
2022-04,P003,1135.6,719.6,796.6,1058.6
2022-04,P004,25.9,1053.3,1079.2,0.0
2022-04,P005,195.0,1827.5,1751.6,270.9
2022-05,P001,0.0,1044.5,1044.5,0.0
2022-05,P002,218.5,642.1,646.2,214.4
2022-05,P003,1058.6,846.8,826.6,1078.7
2022-05,P004,0.0,1116.7,1116.7,0.0
2022-05,P005,270.9,1844.7,1975.0,140.6
2022-06,P001,0.0,1159.0,949.9,209.0
2022-06,P002,214.4,742.3,724.9,231.8
2022-06,P003,1078.7,803.4,787.7,1094.4
2022-06,P004,0.0,1309.1,1297.6,11.5
2022-06,P005,140.6,1763.3,1877.4,26.4
2022-07,P001,209.0,1100.0,1075.1,233.9
2022-07,P002,231.8,595.1,643.3,183.6
2022-07,P003,1094.4,895.0,875.3,1114.1
2022-07,P004,11.5,1232.7,1219.7,24.5
2022-07,P005,26.4,1962.3,1988.7,0.0
2022-08,P001,233.9,1022.3,1019.9,236.3
2022-08,P002,183.6,692.3,675.8,200.1
2022-08,P003,1114.1,752.7,780.6,1086.2
2022-08,P004,24.5,1185.8,1132.4,78.0
2022-08,P005,0.0,1787.2,1732.0,55.2
2022-09,P001,236.3,913.2,939.7,209.9
2022-09,P002,200.1,568.0,583.1,184.9
2022-09,P003,1086.2,680.7,764.5,1002.3
2022-09,P004,78.0,1304.2,1248.1,134.2
2022-09,P005,55.2,1917.9,1945.0,28.1
2022-10,P001,209.9,937.1,982.6,164.3
2022-10,P002,184.9,607.3,601.6,190.6
2022-10,P003,1002.3,778.3,738.1,1042.5
2022-10,P004,134.2,1084.1,983.5,234.8
2022-10,P005,28.1,1842.8,1666.8,204.0
2022-11,P001,164.3,1041.8,1053.7,152.5
2022-11,P002,190.6,671.6,583.5,278.7
2022-11,P003,1042.5,635.9,763.4,915.0
2022-11,P004,234.8,1266.6,1232.5,269.0
2022-11,P005,204.0,1876.8,1808.3,272.5
2022-12,P001,152.5,1134.1,1032.1,254.4
2022-12,P002,278.7,636.8,637.7,277.7
2022-12,P003,915.0,715.5,776.2,854.4
2022-12,P004,269.0,1214.7,1158.3,325.5
2022-12,P005,272.5,1778.9,1615.5,436.0
2023-01,P001,254.4,977.7,992.9,239.2
2023-01,P002,277.7,637.3,660.7,254.4
2023-01,P003,854.4,750.4,830.6,774.2
2023-01,P004,325.5,1205.8,1205.1,326.1
2023-01,P005,436.0,1707.3,1751.5,391.8
2023-02,P001,239.2,1047.8,958.3,328.6
2023-02,P002,254.4,666.5,679.3,241.5
2023-02,P003,774.2,823.7,848.3,749.6
2023-02,P004,326.1,1203.8,1291.5,238.3
2023-02,P005,391.8,1818.0,1811.5,398.3
2023-03,P001,328.6,1107.7,1052.5,383.7
2023-03,P002,241.5,636.3,620.1,257.7
2023-03,P003,749.6,822.1,785.9,785.8
2023-03,P004,238.3,1113.3,1268.2,83.4
2023-03,P005,398.3,2075.8,2025.3,448.8
2023-04,P001,383.7,1159.2,1174.9,368.0
2023-04,P002,257.7,698.5,702.5,253.7
2023-04,P003,785.8,917.2,932.2,770.8
2023-04,P004,83.4,1367.8,1408.8,42.4
2023-04,P005,448.8,1773.9,1744.7,478.0
2023-05,P001,368.0,1123.1,1158.6,332.5
2023-05,P002,253.7,689.6,656.1,287.2
2023-05,P003,770.8,834.0,803.7,801.1
2023-05,P004,42.4,1210.7,1234.3,18.8
2023-05,P005,478.0,1911.8,2108.2,281.6
2023-06,P001,332.5,1150.7,1149.2,334.1
2023-06,P002,287.2,767.0,698.2,356.1
2023-06,P003,801.1,933.8,881.9,853.0
2023-06,P004,18.8,1406.5,1282.0,143.4
2023-06,P005,281.6,1785.6,2028.4,38.8
2023-07,P001,334.1,1154.2,1078.0,410.2
2023-07,P002,356.1,733.2,813.9,275.4
2023-07,P003,853.0,771.4,894.0,730.3
2023-07,P004,143.4,1224.0,1328.0,39.3
2023-07,P005,38.8,1816.5,1855.4,0.0
2023-08,P001,410.2,992.6,1013.1,389.7
2023-08,P002,275.4,671.3,634.5,312.2
2023-08,P003,730.3,848.1,794.2,784.2
2023-08,P004,39.3,1217.0,1167.4,88.9
2023-08,P005,0.0,1586.2,1586.2,0.0
2023-09,P001,389.7,1148.0,1060.8,477.0
2023-09,P002,312.2,687.4,678.6,321.0
2023-09,P003,784.2,768.3,789.5,763.0
2023-09,P004,88.9,1134.6,1223.6,0.0
2023-09,P005,0.0,1870.1,1870.1,0.0
2023-10,P001,477.0,1048.9,1026.3,499.6
2023-10,P002,321.0,645.4,642.7,323.6
2023-10,P003,763.0,757.6,748.7,772.0
2023-10,P004,0.0,1093.0,1093.0,0.0
2023-10,P005,0.0,1580.2,1559.9,20.3
2023-11,P001,499.6,990.6,984.7,505.5
2023-11,P002,323.6,705.1,707.7,321.0
2023-11,P003,772.0,679.3,741.2,710.0
2023-11,P004,0.0,1094.7,1094.7,0.0
2023-11,P005,20.3,1907.3,1751.9,175.8
2023-12,P001,505.5,1047.6,1149.8,403.3
2023-12,P002,321.0,639.8,646.8,314.0
2023-12,P003,710.0,804.2,833.4,680.8
2023-12,P004,0.0,1155.2,1155.2,0.0
2023-12,P005,175.8,1842.6,1776.8,241.5
2024-01,P001,403.3,1011.9,1088.7,326.4
2024-01,P002,314.0,682.6,705.1,291.5
2024-01,P003,680.8,874.4,764.1,791.1
2024-01,P004,0.0,1174.9,1146.1,28.9
2024-01,P005,241.5,1724.8,1789.2,177.2
2024-02,P001,326.4,1154.2,1092.8,387.8
2024-02,P002,291.5,729.4,747.8,273.1
2024-02,P003,791.1,746.5,866.7,670.9
2024-02,P004,28.9,1118.3,1147.2,0.0
2024-02,P005,177.2,2187.1,1977.3,387.0
2024-03,P001,387.8,1042.4,1033.1,397.1
2024-03,P002,273.1,748.6,810.4,211.3
2024-03,P003,670.9,709.8,868.2,512.5
2024-03,P004,0.0,1196.2,1196.2,0.0
2024-03,P005,387.0,1745.6,1841.2,291.3
2024-04,P001,397.1,1034.5,1156.9,274.6
2024-04,P002,211.3,716.6,601.2,326.8
2024-04,P003,512.5,919.1,878.3,553.3
2024-04,P004,0.0,1282.1,1255.3,26.8
2024-04,P005,291.3,1898.1,2014.9,174.5
2024-05,P001,274.6,1294.7,1170.5,398.8
2024-05,P002,326.8,758.3,680.9,404.2
2024-05,P003,553.3,874.0,943.2,484.1
2024-05,P004,26.8,1474.9,1393.6,108.1
2024-05,P005,174.5,1646.6,1674.1,147.0
2024-06,P001,398.8,1168.5,1290.6,276.7
2024-06,P002,404.2,681.1,635.4,449.9
2024-06,P003,484.1,861.7,896.0,449.9
2024-06,P004,108.1,1304.3,1330.3,82.1
2024-06,P005,147.0,2019.5,1794.8,371.6
2024-07,P001,276.7,1037.7,1021.6,292.8
2024-07,P002,449.9,700.3,667.5,482.7
2024-07,P003,449.9,795.1,880.5,364.5
2024-07,P004,82.1,1487.2,1340.0,229.2
2024-07,P005,371.6,1840.8,2149.6,62.8
2024-08,P001,292.8,1104.9,1193.9,203.8
2024-08,P002,482.7,640.7,748.5,375.0
2024-08,P003,364.5,782.7,868.2,279.1
2024-08,P004,229.2,1238.5,1175.4,292.2
2024-08,P005,62.8,2000.5,2063.3,0.0
2024-09,P001,203.8,1099.8,1127.4,176.3
2024-09,P002,375.0,742.1,616.9,500.3
2024-09,P003,279.1,925.5,857.6,347.0
2024-09,P004,292.2,1274.1,1243.8,322.6
2024-09,P005,0.0,1918.2,1918.2,0.0
2024-10,P001,176.3,1059.0,1151.0,84.3
2024-10,P002,500.3,624.0,675.2,449.1
2024-10,P003,347.0,742.4,810.0,279.4
2024-10,P004,322.6,1228.6,1147.8,403.4
2024-10,P005,0.0,1657.9,1657.9,0.0
2024-11,P001,84.3,1137.6,1135.7,86.2
2024-11,P002,449.1,695.4,616.1,528.4
2024-11,P003,279.4,803.4,824.4,258.5
2024-11,P004,403.4,1007.7,1130.5,280.6
2024-11,P005,0.0,1798.9,1798.9,0.0
2024-12,P001,86.2,1121.9,1073.5,134.6
2024-12,P002,528.4,660.0,685.6,502.8
2024-12,P003,258.5,814.6,814.6,258.4
2024-12,P004,280.6,1311.2,1189.4,402.4
2024-12,P005,0.0,1872.3,1852.9,19.4
2025-01,P001,134.6,961.9,1020.3,76.2
2025-01,P002,502.8,737.8,658.3,582.3
2025-01,P003,258.4,842.7,884.8,216.3
2025-01,P004,402.4,1239.6,1174.8,467.3
2025-01,P005,19.4,1655.2,1674.6,0.0
2025-02,P001,76.2,1199.0,1155.1,120.2
2025-02,P002,582.3,697.5,664.8,614.9
2025-02,P003,216.3,869.8,934.5,151.5
2025-02,P004,467.3,1314.3,1380.9,400.7
2025-02,P005,0.0,1858.6,1654.9,203.7
2025-03,P001,120.2,1342.5,1205.2,257.4
2025-03,P002,614.9,778.3,804.9,588.4
2025-03,P003,151.5,947.3,997.6,101.2
2025-03,P004,400.7,1254.6,1204.1,451.3
2025-03,P005,203.7,1985.8,2021.7,167.8
2025-04,P001,257.4,1185.2,1319.5,123.2
2025-04,P002,588.4,715.6,725.5,578.5
2025-04,P003,101.2,898.5,887.4,112.4
2025-04,P004,451.3,1431.2,1326.1,556.3
2025-04,P005,167.8,1967.5,1909.6,225.6
2025-05,P001,123.2,1201.1,1222.0,102.2
2025-05,P002,578.5,755.5,802.8,531.2
2025-05,P003,112.4,847.6,877.7,82.3
2025-05,P004,556.3,1383.5,1437.9,501.9
2025-05,P005,225.6,1951.1,1966.4,210.4
2025-06,P001,102.2,1213.0,1227.4,87.8
2025-06,P002,531.2,712.5,759.8,483.9
2025-06,P003,82.3,920.2,905.6,96.9
2025-06,P004,501.9,1301.3,1271.2,532.0
2025-06,P005,210.4,1924.1,1856.5,277.9
2025-07,P001,87.8,1175.2,1158.7,104.4
2025-07,P002,483.9,745.2,706.3,522.8
2025-07,P003,96.9,721.0,817.8,0.0
2025-07,P004,532.0,1314.4,1287.2,559.2
2025-07,P005,277.9,2140.8,2022.8,395.9
2025-08,P001,104.4,1176.4,1150.4,130.3
2025-08,P002,522.8,742.4,665.1,600.1
2025-08,P003,0.0,941.5,897.2,44.3
2025-08,P004,559.2,1276.5,1311.6,524.1
2025-08,P005,395.9,1803.3,2032.1,167.2
2025-09,P001,130.3,1046.2,1027.3,149.2
2025-09,P002,600.1,607.1,698.6,508.6
2025-09,P003,44.3,801.8,846.1,0.0
2025-09,P004,524.1,1169.4,1095.2,598.3
2025-09,P005,167.2,1777.9,1945.1,0.0
2025-10,P001,149.2,1178.1,1153.6,173.7
2025-10,P002,508.6,765.6,779.3,494.9
2025-10,P003,0.0,885.3,885.3,0.0
2025-10,P004,598.3,1220.8,1157.6,661.6
2025-10,P005,0.0,1724.8,1724.8,0.0
2025-11,P001,173.7,937.3,937.6,173.3
2025-11,P002,494.9,744.5,729.4,510.0
2025-11,P003,0.0,855.0,819.5,35.5
2025-11,P004,661.6,1246.4,1200.3,707.7
2025-11,P005,0.0,1989.9,1989.9,0.0
2025-12,P001,173.3,1011.3,1065.3,119.3
2025-12,P002,510.0,773.5,810.9,472.6
2025-12,P003,35.5,849.0,787.7,96.9
2025-12,P004,707.7,1254.6,1248.9,713.4
2025-12,P005,0.0,1988.8,1974.5,14.3
